#,Song,Artist,BPM,Camelot,Energy,Added At,Duration,Popularity,Genres,Album,Album Date,Dance,Acoustic,Instrumental,Valence,Speech,Live,Loud (Db),Key,Time Signature,Spotify Track Id,ISRC
1,"Starman - 2012 Remaster","David Bowie",100,7B,45,2023-07-14,04:14,82,"glam rock, art rock","The Rise and Fall of Ziggy Stardust and the Spiders from Mars (2012 Remaster)",1972-06-06,49,17,0,55,0,50,-10,F Major,4,0pQskrTITgmCMyr85tb9qq,USJT11200004
2,"Mi Gato","Rosario",105,8B,87,2023-07-14,03:22,33,"flamenco, flamenco pop","Esencial Rosario",2013-07-23,69,49,0,63,0,0,-4,C Major,4,5Hu3Y13dE9rEZire0tlAMW,ES5119201609
3,"In Da Club","50 Cent",90,11A,71,2023-07-14,03:13,84,"old school hip hop, east coast hip hop","Get Rich Or Die Tryin'",2003-02-06,90,26,0,78,30,0,-3,F#/G♭ Minor,4,7iL6o9tox1zgHpKUfh9vuC,USIR10300033
4,"Solo Si Es Contigo","Bombai,Bebe",175,9B,59,2023-07-14,03:36,33,"","Solo Si Es Contigo",2017-03-03,57,33,0,96,0,10,-6,G Major,4,0Ttqiz6DNvPkThvbnr9vYJ,ES84S1700070
5,"Call Me","Blondie",143,7A,82,2023-07-14,03:32,71,"","Atomic/Atomix",1999-01-01,56,0,0,74,0,0,-7,D Minor,4,4qO03RMQm88DdpTJcxlglY,USCH38900008
6,"Take on Me","a-ha",84,11A,90,2023-07-14,03:45,89,"new wave, synthpop","Hunting High and Low",1985-06-01,57,2,0,88,0,0,-8,F#/G♭ Minor,4,2WfaOiMkCvy7F5fcp2zZ8L,USWB19901214
7,"All Star","Smash Mouth",104,1B,87,2023-07-14,03:20,80,"","Astro Lounge",1999-06-08,73,4,0,78,0,0,-6,B Major,4,3cfOd4CMv2snFaKAnMdnvK,USIR19902220
8,"Hello","Martin Solveig,Dragonette",128,5B,93,2023-07-14,04:41,0,"french house, ","Smash",2011-01-01,67,3,1,46,0,0,-4,D#/E♭ Major,4,44Pv0rinObvVa4nQ4TXLga,FR2PA1000020
9,"Story of My Life","One Direction",121,5B,66,2023-07-14,04:05,85,"","Midnight Memories (Deluxe)",2013-11-25,60,23,0,29,0,10,-6,D#/E♭ Major,4,4nVBt6MZDDP6tRVdQTgxJg,GBHMU1300210
10,"Hotel California - 2013 Remaster","Eagles",147,10B,51,2023-07-14,06:31,86,"classic rock, yacht rock, soft rock","Hotel California (2013 Remaster)",1976-12-08,58,1,0,61,0,0,-9,D Major,4,40riOy7x9W7GXjyGp4pjAv,USEE11300353
11,"Me Voy","Julieta Venegas",108,10B,68,2023-07-14,03:07,78,"latin pop, latin rock","Limon Y Sal",2006-05-25,57,7,0,60,0,10,-4,D Major,3,100Tm6z29RfHTdUQ6NIs0s,MXF010600165
12,"Don't Call Me Up","Mabel",99,11B,88,2023-07-14,02:58,72,"","Ivy To Roses (Mixtape)",2019-01-18,67,30,0,23,10,0,-3,A Major,4,5WHTFyqSii0lmT9R21abT8,GBUM71808052
13,"Moving on Up","M People",125,5A,86,2023-07-14,03:35,60,"","The Best Of M People",1998-10-29,90,5,3,96,0,10,-6,C Minor,4,6vGW3d8X48CBaLdU0PQbey,GBARL9300289
14,"As It Was","Harry Styles",174,11A,73,2023-07-14,02:47,90,"","Harry's House",2022-05-20,52,34,0,66,0,30,-5,F#/G♭ Minor,4,4Dvkj6JhhA12EX05fT7y2e,USSM12200612
15,"Don't Get Me Wrong","Pretenders",204,8B,81,2023-07-14,03:46,42,"","The Singles",1987-10-26,47,24,0,86,0,10,-11,C Major,4,4I3nztDQ3cPajQtzg59tWx,GBAHT8603594
16,"Pan y mantequilla","Efecto Pasillo",100,6B,83,2023-07-14,03:22,61,"","El misterioso caso de Efecto Pasillo",2013-12-20,70,24,0,91,0,0,-5,A#/B♭ Major,4,2kZJ5wrpq1gCdHmVEjahoH,ES24C1207101
17,"Soldadito marinero","Fito y Fitipaldis",140,10B,43,2023-07-14,04:14,69,"","Lo mas lejos a tu lado",2004-12-28,72,13,0,32,0,0,-9,D Major,4,0eVborSuxUeSg0meWYd9dZ,ES5010300350
18,"Step by Step","New Kids On The Block",125,8B,63,2023-07-14,04:27,62,"","Step By Step",1990-06-04,79,3,0,88,0,10,-12,C Major,4,6J6RWKCPN5RFKHUKEUFjxS,USSM19917887
19,"The Final Countdown","Europe",118,11A,84,2023-07-14,05:10,79,"glam metal","The Final Countdown (Expanded Edition)",1986-00-00,53,6,0,19,0,0,-7,F#/G♭ Minor,4,3MrRksHupTVEQ7YbA0FsZK,USSM18600196
20,"Europe's Living A Celebration - Versión Gala Eurovisión","Rosa López",135,11A,98,2023-07-14,02:52,29,"villancicos","Las 100 Mejores Canciones De La Historia De O.T (Operación Triunfo)",2006-06-15,74,13,0,70,0,50,-3,F#/G♭ Minor,4,7GrAOZRMBhUPN5PdbJZVO9,ES5701701082
21,"Girl on Fire","Alicia Keys",93,11B,71,2023-07-14,03:44,78,"r&b, neo soul","Girl on Fire (Remixes) - EP",2012-11-18,48,14,0,14,0,10,-6,A Major,4,4esOae7i4rqTbAu9o5Pxco,USRC11201015
22,"DESPECHÁ","ROSALÍA",130,9B,62,2023-07-14,02:37,73,"latin","DESPECHÁ",2022-07-28,92,18,0,78,10,0,-7,G Major,4,5ildQOEKmJuWGl2vRkFdYc,USSM12207207
23,"Last Nite","The Strokes",104,8B,91,2023-07-14,03:13,75,"garage rock, indie rock, alternative rock","Is This It",2001-07-30,62,3,0,77,0,0,-6,C Major,4,7kzKAuUzOITUauHAhoMoxA,USRC10100765
24,"Sweet Dreams (Are Made of This)","Eurythmics,Annie Lennox,Dave Stewart",126,4B,58,2023-07-14,04:52,61,"new wave, synthpop, ","Greatest Hits",1991-02-28,71,30,0,86,0,10,-12,G#/A♭ Major,4,6zIfdCmmhPCX0cMquBsC37,GBARL8300027
25,"La Tortura (feat. Alejandro Sanz)","Shakira,Alejandro Sanz",100,8B,78,2023-07-14,03:32,11,"latin pop","Fijación Oral, Vol. 1",2005-06-03,74,3,0,81,0,10,-5,C Major,4,5BSclXJTa9B0iURhUjZo50,USSM10501700
26,"Two Princes","Spin Doctors",104,9B,91,2023-07-14,04:16,73,"","Pocket Full Of Kryptonite",1991-08-27,54,0,0,84,0,0,-11,G Major,4,4ePP9So5xRzspjLFVVbj90,USSM19000350
27,"Rufino","Luz Casal",168,6B,87,2023-07-14,04:26,44,"","Luz III",1985-02-24,49,2,1,63,0,20,-7,A#/B♭ Major,4,4ICTaUYLT26W3fsMpIX5cq,ES5088503441
28,"Perfect","Fairground Attraction",139,8A,20,2023-07-14,03:36,52,"","The First Of A Million Kisses",1988-00-00,58,29,0,61,0,0,-15,A Minor,4,29KiGwvYBw6JGQWrAlLhGg,GBARL8800011
29,"Baila (Sexy Thing)","Zucchero",120,8B,77,2023-07-14,04:08,53,"italian singer-songwriter","Shake",2001-09-14,71,0,0,65,0,0,-6,C Major,4,08RVzS1yTy1TsVuRgziTOq,IT9000100001
30,"Viva La Vida","Coldplay",138,4A,62,2023-07-14,04:02,88,"","Viva La Vida or Death and All His Friends",2008-06-06,49,10,0,42,0,10,-7,F Minor,4,1mea3bSkSGXuIRvnydlB5b,GBAYE0800265
31,"Rude","MAGIC!",144,3B,76,2023-07-14,03:44,85,"","Don't Kill the Magic",2014-06-25,77,4,0,93,0,30,-5,C♯/D♭ Major,4,6RtPijgfPKROxEzTHNRiDp,CAV161300016
32,"Chasing Cars","Snow Patrol",104,11B,60,2023-07-14,04:27,84,"","Eyes Open",2006-01-01,56,20,0,14,0,10,-5,A Major,4,5hnyJvgoWiQUYZttV4wXy6,GBUM70600345
33,"All I Wanna Do","Sheryl Crow",120,11B,53,2023-07-14,04:32,71,"","Tuesday Night Music Club",1993-08-03,82,11,2,93,0,20,-11,A Major,4,3ZpQiJ78LKINrW9SQTgbXd,USAM19300013
34,"Boom, Boom, Boom, Boom!!","Vengaboys",138,10A,95,2023-07-14,03:22,78,"eurodance, europop","The Party Album!",1999-06-04,80,1,46,97,0,0,-5,B Minor,4,5N6M8yDiMV32T6Rkzh8EbW,NLC529811150
35,"A quién le importa","Alaska Y Dinarama",131,9B,85,2023-07-14,03:25,63,"rock en español","No Es Pecado -Remasters",1986-00-00,57,1,0,81,0,10,-10,G Major,4,7Eb5AYiiGWItBNddlmxvnh,ES5088602056
36,"El Gato Que Está Triste y Azul - Un Gato Nel Blu","Roberto Carlos",112,12B,37,2023-07-14,03:52,67,"mpb, brega, bolero","El Arte De Roberto Carlos",1992-00-00,44,66,0,60,0,40,-14,E Major,4,0X1XgxtHG9hULAw296CCgz,BRSME8800017
37,"Anywhere","Rita Ora",107,10A,80,2023-07-14,03:35,61,"","Anywhere",2017-10-20,63,4,0,32,0,10,-4,B Minor,4,7EI6Iki24tBHAMxtb4xQN2,GBAHS1701111
38,"La Cosa Mas Bella","Eros Ramazzotti",110,4B,75,2023-07-14,04:25,73,"","Donde Hay Música (Spanish Version)",1996-05-01,71,8,0,60,0,20,-7,G#/A♭ Major,4,1EZypwk0xcj64ZLAglhLs2,ITB009600578
39,"Our House","Madness",121,8B,72,2023-07-14,03:23,2,"ska","The Rise & Fall",1982-10-08,59,9,0,81,0,0,-6,C Major,4,1EXrFPfVNVsyb32yapebbM,GB7GZ1000033
40,"Rock the Boat","Hues Corporation",107,5B,58,2023-07-14,03:22,65,"disco","Freedom for the Stallion (Expanded Edition)",1973-00-00,60,26,0,88,0,10,-10,D#/E♭ Major,4,7fu3Tv5rcoGD1PZV7s57WW,USRC17308512
41,"STAY (with Justin Bieber)","The Kid LAROI,Justin Bieber",170,3B,76,2023-07-14,02:21,81,"","STAY (with Justin Bieber)",2021-07-09,59,4,0,48,0,10,-5,C♯/D♭ Major,4,5HCyWlXZPP0y6Gqq8TgA20,USSM12103949
42,"Shake It Off","Taylor Swift",160,9B,80,2023-07-14,03:39,82,"","1989 (Deluxe)",2014-01-01,65,6,0,94,10,30,-5,G Major,4,0cqRj7pUJDkTCEsJkx8snD,USCJY1431349
43,"Son de Amores","Andy & Lucas",82,7A,84,2023-07-14,03:51,61,"flamenco, flamenco pop","Andy Y Lucas",2001-01-01,68,47,0,69,10,60,-5,D Minor,4,7BCer0V0I1CZDI6S6kYD44,ES5020300148
44,"Soy Yo","Bomba Estéreo",117,10A,58,2023-07-14,02:39,62,"latin alternative, electrocumbia","Amanecer",2015-06-02,89,4,0,79,10,0,-8,B Minor,4,4Egb5xP6cniUx0kgZd5zLB,USSD11500075
45,"Achilipú","Dolores Vargas",106,2B,87,2023-07-14,02:31,3,"rumba congolaise, flamenco, soul jazz, exotica","Achilipú",2015-01-01,63,59,0,96,20,10,-7,F#/G♭ Major,4,3WJg6tafYPq7xVmLXVLI1b,ES5299100001
46,"Song 2","Blur",130,4B,71,2023-07-14,02:01,70,"britpop, madchester, alternative rock","Blur: The Best Of",2000-10-23,66,0,0,86,0,0,-7,G#/A♭ Major,4,3GfOAdcoc3X5GPiiXmpBjK,GBAYE9600015
47,"Cuando Tú Vas","Chenoa",136,10A,84,2023-07-14,03:18,50,"","Chenoa",2002-01-01,70,8,0,67,20,60,-6,B Minor,4,2bPH3Ph0RHQuugStXcpyRP,ES6010200167
48,"Self Esteem","The Offspring",105,8B,86,2023-07-14,04:17,79,"punk, skate punk","Smash",1994-04-08,49,2,0,71,0,30,-8,C Major,4,1FkoVC85Ds3mFoK0fVqEqP,USEP40312208
49,"Savage Love (Laxed - Siren Beat)","Jawsh 685,Jason Derulo",150,5A,48,2023-07-14,02:51,71,"","Savage Love (Laxed - Siren Beat)",2020-06-11,77,23,0,76,0,20,-9,C Minor,4,1xQ6trAsedVPCdbtDAmk0c,USSM12003798
50,"Vertigo","U2",140,11B,82,2023-07-14,03:13,65,"rock","How To Dismantle An Atomic Bomb",2004-01-01,42,0,0,63,0,10,-4,A Major,4,1gVVSmhWjci8l9Vrsl6HaS,GBAAN0400573
51,"Fast Car","Tracy Chapman",104,9A,29,2023-07-14,04:56,83,"","Tracy Chapman",1988-04-05,71,31,0,19,0,10,-16,E Minor,4,2M9ro2krNb7nr7HSprkEgo,USEE10180719
52,"Cuando zarpa el amor","Camela",114,12A,91,2023-07-14,03:32,60,"flamenco, flamenco pop","Diez De Corazon",2004-11-22,77,9,0,70,0,0,-4,C♯/D♭ Minor,4,0GzQB5WXavUEU8tfTCAd8m,ES5080400083
53,"Scatman (ski-ba-bop-ba-dop-bop)","Scatman John",136,4A,82,2023-07-14,03:35,73,"eurodance","Scatman's World",1995-06-01,65,7,0,76,0,20,-11,F Minor,4,623rRTKwGmgjH6sjE9uWLh,DKELA9610005
54,"Unwritten","Natasha Bedingfield",100,7B,80,2023-07-14,04:19,87,"","Unwritten",2004-08-30,71,1,0,63,0,0,-6,F Major,4,3U5JVgI2x4rDyHGObzJfNf,GBARL0400707
55,"Háblame de Ti","Pecos",125,7B,80,2023-07-14,03:27,44,"","Un Par de Corazones y Otros Grandes Éxitos",1978-00-00,71,32,0,79,0,10,-7,F Major,4,7EWKAYWmUc1cTfEimTKvou,ES5117900040
56,"Sleeping In My Car","Roxette",135,2B,85,2023-07-14,03:46,2,"swedish pop","Crash! Boom! Bang! (Extended Version)",1994-00-00,51,1,0,56,0,10,-4,F#/G♭ Major,4,521uF3jhz9GIIlLeP9YV7J,SEAMA9301030
57,"Un-Break My Heart","Toni Braxton",110,7A,43,2023-07-14,04:30,77,"r&b","Secrets",1996-06-18,63,41,0,11,0,10,-8,D Minor,4,5Ihd9HrPvOADyVoonH9ZjB,USLF29600015
58,"Rayos de Sol","José de Rico,Henry Mendez",128,4B,87,2023-07-14,03:51,61,"reggaeton","Rayos de Sol",2011-08-08,75,7,0,88,0,10,-4,G#/A♭ Major,4,1d5obgzCOtwq9qaxfe4Hpw,ES1611100061
59,"Billie Jean","Michael Jackson",117,10A,65,2023-07-14,04:53,80,"","Thriller 25 Super Deluxe Edition",2008-02-08,92,2,2,85,0,0,-3,B Minor,4,5ChkMS8OtdzJeqyybCc9R5,USSM19902991
60,"Oye","Gloria Estefan",130,3B,89,2023-07-14,04:39,41,"","Gloria!",1998-04-20,69,0,0,76,0,30,-5,C♯/D♭ Major,4,34js2TOQm9tf6xhefJ97HI,USSM19703606
61,"Bring Me To Life","Evanescence",95,9A,94,2023-07-14,03:55,89,"alternative metal","Fallen",2003-03-04,33,1,0,30,0,20,-3,E Minor,4,0COqiPhxzoWICwFCS4eZcp,USWU30200093
62,"Free","Ultra Naté",125,4A,91,2023-07-14,05:53,2,"","Situation:Critical",1998-04-27,76,0,0,62,0,0,-7,F Minor,4,5RC9olve1FVs1bnIneatm8,GBDVG1133103
63,"I'm So Excited","The Pointer Sisters",184,4A,87,2023-07-14,03:50,75,"disco","So Excited! (Expanded Edition)",1982-02-01,59,10,0,80,0,40,-6,F Minor,4,1ot6jEe4w4hYnsOPjd3xKQ,USRC18203285
64,"American Idiot","Green Day",186,3B,99,2023-07-14,02:56,83,"punk, pop punk","American Idiot",2004-09-21,38,0,0,77,0,30,-2,C♯/D♭ Major,4,6nTiIhLmQ3FWhvrGafw2zj,USRE10400888
65,"19 Dias y 500 Noches","Joaquín Sabina",87,12B,67,2023-07-14,04:43,53,"trova, singer-songwriter, nueva trova","19 Dias Y 500 Noches",1999-09-27,71,67,0,81,20,20,-8,E Major,4,4Kii4OhkRIezu0KjOiFq0G,ES5029900169
66,"Freed From Desire","Gala,Molella,Phil Jay",129,7A,86,2023-07-14,03:33,80,"eurodance, italo dance","Come Into My Life (The Album)",1997-11-17,70,59,6,64,0,10,-4,D Minor,4,3u5N55tHf7hXATSQrjBh2q,ITA179700143
67,"Las Chicas Son Guerreras","COZ",156,11B,93,2023-07-14,04:01,34,"","Locos Por La Tele",2013-04-23,58,1,0,73,10,10,-4,A Major,4,3A58rEqzY7fwWSOnlB2AxB,ES5110002843
68,"Suéltate el pelo","Hombres G",170,12B,94,2023-07-14,03:11,59,"rock en español, latin rock, mexican rock","Agitar Antes De Usar",1988-00-00,49,66,0,92,0,30,-5,E Major,4,6ASzF6lnAamXQvWLPa3WDi,ES5018872005
69,"Don't You Want Me","The Human League",118,8A,74,2023-07-14,03:56,80,"new wave, synthpop","Dare!",1981-00-00,73,18,0,96,0,20,-8,A Minor,4,3L7RtEcu1Hw3OXrpnthngx,GBAAA0200924
70,"I Was Made For Lovin' You","KISS",128,12B,85,2023-07-14,04:31,86,"glam rock, glam metal, hard rock, rock, classic rock","Dynasty",1979-03-23,77,21,0,87,0,0,-6,E Major,4,07q0QVgO56EorrSGHC48y3,USPR39330175
71,"Groove Is in the Heart","Deee-Lite",122,12A,88,2023-07-14,03:51,71,"","World Clique",1990-08-07,69,2,2,92,0,0,-4,C♯/D♭ Minor,4,2He3NOyqtLNE3RQPpeDdSb,USEE19687204
72,"Funkytown","Lipps Inc.",122,8B,42,2023-07-14,07:50,66,"disco","Mouth To Mouth",1979-11-01,89,0,45,46,0,0,-14,C Major,4,2XVQdI3m0giGxNrwUhV3yP,USIR20300047
73,"Ma quale idea","Pino D'Angiò",115,3B,79,2023-07-14,04:22,57,"italo disco","...Balla!",2016-01-20,87,3,0,96,0,0,-4,C♯/D♭ Major,4,0nHdPB5NA4xkoDoSLbREwD,ITA647900295
74,"El Canario","No Me Pises Que Llevo Chanclas",114,1B,95,2023-07-14,03:26,34,"","Perdonen Las Disculpas",1994-07-13,63,71,0,54,10,10,-7,B Major,4,483Mpgv3ri4eUD5mJvHnaI,ES5021800453
75,"Sola (Con un desconocido)","Ole Ole",112,8B,77,2023-07-14,04:04,40,"","Los Caballeros Las Prefieren Rubias",1987-00-00,75,4,0,96,0,0,-9,C Major,4,7pqTE8rWJUZ74M3rpDbLzP,ES5088703839
76,"Mediterraneo","Los Rebeldes",147,11B,68,2023-07-14,03:53,50,"rockabilly","Mediterránaeo",1986-00-00,46,12,0,95,0,10,-11,A Major,1,6QBLmxP1tU6lw1dhKQulau,ES5118801608
77,"ABC","The Jackson 5",188,4B,87,2023-07-14,02:57,0,"motown, christmas","Temazos y Hitazos: 70's",2022-03-08,53,32,0,94,0,20,-6,G#/A♭ Major,4,4u7ZqpIkq2sDdQD22JOFLZ,USMO17082628
78,"Livin' On A Prayer","Bon Jovi",123,8B,89,2023-07-14,04:09,82,"glam metal, rock","Slippery When Wet",1986-08-16,53,8,0,79,0,20,-4,C Major,4,37ZJ0p5Jm13JPevGcx4SkF,USPR38619998
79,"Mr. Vain","Culture Beat",133,8A,100,2023-07-14,05:36,71,"eurodance","Serenity",1993-01-01,68,5,26,40,0,30,-8,A Minor,4,2rTYgHxgcndkUrRoU7x0Sv,DEPT99300133
80,"U Can't Touch This","MC Hammer",133,10A,52,2023-07-14,04:17,75,"","Please Hammer Don't Hurt 'Em",1990-02-20,87,0,0,86,0,0,-13,B Minor,4,1B75hgRqe7A4fwee3g3Wmu,USCA29000294
81,"Suave","Luis Miguel",104,9A,68,2023-07-14,04:49,70,"mariachi, bolero, latin pop, ranchera, villancicos","Aries",1993-00-00,61,6,0,44,0,20,-10,E Minor,4,4p7XH4NhQ25iGYrrbg93gt,USWI19600153
82,"Pepas","Farruko",130,9B,77,2023-07-14,04:47,79,"reggaeton, trap latino","Pepas",2021-06-24,76,1,0,44,0,10,-4,G Major,4,5fwSHlTEWpluwOM0Sxnh5k,USSD12100307
83,"Another Day in Paradise - 2016 Remaster","Phil Collins",102,2A,56,2023-07-14,05:22,83,"soft rock","...But Seriously (Deluxe Edition)",1989-11-20,78,74,0,37,0,0,-7,D#/E♭ Minor,4,1NCuYqMc8hKMb4cpNTcJbD,USRH11602150
84,"All By Myself","Eric Carmen",116,6A,37,2023-07-14,07:09,66,"yacht rock","Eric Carmen",1975-01-01,38,83,83,11,0,10,-9,G Minor,4,0AQqrtK1pULuwZUXhwaaDz,USAR10400530
85,"Moonlight Shadow","Mike Oldfield",129,12B,72,2023-07-14,03:38,69,"progressive rock, new age","The Mike Oldfield Collection",2009-01-01,61,29,0,80,0,30,-8,E Major,4,4WpmwEdc4RBos8W8icSSxW,GBAAA8300001
86,"Try","P!nk",104,10B,63,2023-07-14,04:07,83,"","The Truth About Love",2012-09-18,67,0,0,55,0,0,-7,D Major,4,1jF7IL57ayN4Ity3jQqGu0,USRC11200785
87,"Son Of My Father","Chicory Tip",130,7B,47,2023-07-14,03:07,20,"glam rock","Chicory Tip Greatest Hits",2011-07-11,62,7,1,39,0,10,-10,F Major,4,3Jwalo4hQy4AHqtnyGUoMk,NLB120600078
88,"Baby","Justin Bieber,Ludacris",65,4A,86,2023-07-14,03:34,86,"southern hip hop","My World 2.0",2010-01-01,73,4,0,54,10,10,-5,F Minor,4,6epn3r7S14KUqlReYr77hA,USUM70919263
89,"El Baile del Gorila","Melody",122,3B,98,2023-07-14,03:08,59,"flamenco pop","De Pata Negra",2001-06-11,81,15,84,82,0,0,-4,C♯/D♭ Major,4,4HjzdN3HFW2p52Eey2MumB,ES5110103506
90,"Hello","Adele",79,4A,43,2023-07-14,04:55,76,"soft pop","25",2015-11-20,58,33,0,29,0,0,-6,F Minor,4,1Yk0cQdMLx5RzzFTYwmuld,GBBKS1500214
91,"Let It Be - Remastered 2009","The Beatles",143,8B,40,2023-07-14,04:03,80,"classic rock, psychedelic rock","Let It Be (Remastered)",1970-05-08,44,63,0,41,0,10,-8,C Major,4,7iN1s7xHE4ifF5povM6A48,GBAYE0601713
92,"Se Me Enamora el Alma","Isabel Pantoja",113,2A,62,2023-07-14,05:05,39,"villancicos, flamenco","Pasion Y Deseo (Sus Grandes Exitos De La Copla Y De La Balada Romantica)",2009-10-12,78,22,0,91,0,20,-11,D#/E♭ Minor,4,6FG8TkQCTo5TfOQ6bG5Fxf,ES5028900068
93,"Get It On","T. Rex",127,10A,88,2023-07-14,04:22,70,"glam rock, proto-punk","Electric Warrior",1971-09-24,73,18,86,91,0,60,-7,B Minor,4,0LoQuiekvzqx7n8flgEKzF,GBCHM7100038
94,"Ironic","Alanis Morissette",85,1B,60,2023-07-14,03:45,59,"","Jagged Little Pill",1995-06-09,50,25,0,39,0,20,-8,B Major,4,4oGTdOClZUxcM2H3UmXlwL,USMV29400003
95,"Fantastic Shine","Love of Lesbian",102,9B,71,2023-07-14,03:02,47,"indie","Fantastic Shine",2013-06-04,56,12,0,20,0,10,-6,G Major,4,3Ti0O0JrzCJ3Hxdgg6YI1V,ES7651300037
96,"Tusa","KAROL G,Nicki Minaj",101,10B,72,2023-07-14,03:20,74,"reggaeton, latin, urbano latino, ","Tusa",2019-11-07,80,30,0,57,30,0,-3,D Major,4,7k4t7uLgtOxPwTpFmtJNTY,USUM71921183
97,"Sincericidio","Leiva",125,8B,81,2023-07-14,04:11,60,"","Monstruos",2016-08-26,57,0,0,26,0,10,-5,C Major,4,3Q8avvsQE7mtTXT2TrDx3I,ES5021600376
98,"These Days (feat. Jess Glynne, Macklemore & Dan Caplen)","Rudimental,Jess Glynne,Macklemore,Dan Caplen",92,8B,80,2023-07-14,03:31,70,"","Toast to Our Differences (Deluxe Edition)",2019-01-25,65,19,0,57,0,10,-4,C Major,4,20ZP3Om9DvDazXrNUC7WM2,GBAHS1701239
99,"Sucker","Jonas Brothers",138,12A,73,2023-07-14,03:01,79,"","Happiness Begins",2019-06-07,84,4,0,95,0,10,-5,C♯/D♭ Minor,4,22vgEDb5hykfaTwLuskFGD,USUG11900515
100,"FRIENDS","Marshmello,Anne-Marie",95,8A,88,2023-07-14,03:22,9,"edm, ","FRIENDS",2018-02-09,63,21,0,53,0,10,-2,A Minor,4,08bNPGLD8AhKpnnERrAc6G,GBAHS1800025
101,"Ya No Quiero Ná","Lola Indigo",129,10B,47,2023-07-14,03:12,44,"","Ya No Quiero Ná",2018-07-19,85,12,0,37,10,0,-7,D Major,4,2A2Q4CYBcVvBF2OqgJ3OWX,ES5701800653
102,"Viaje con nosotros","Orquesta Mondragon",123,12B,88,2023-07-14,03:58,40,"rock en español","Bon voyage",1980-00-00,74,17,0,98,0,0,-5,E Major,4,4YYd1oPidpG7rVu4OLjPG7,ES5088003894
103,"Part-Time Lover","Stevie Wonder",175,3A,62,2023-07-14,04:12,74,"motown, classic soul, soul","In Square Circle",1985-09-13,66,17,0,96,0,0,-14,A#/B♭ Minor,4,0Dm43YLUlGdePpSbI1ct8h,USMO18500543
104,"Satisfaction - Isak Original Extended","Benny Benassi,The Biz",130,1B,70,2023-07-14,04:45,68,"electro house, ","Hypnotica (Benny Benassi Presents The Biz)",2003-05-23,79,16,14,34,10,0,-4,B Major,4,1n7omixiROWs5q6xpWiQuL,IT00D0206401
105,"All The Things She Said","t.A.T.u.",180,4A,83,2023-07-14,03:34,87,"","200 KM/H In The Wrong Lane (10th Anniversary Edition)",2002-00-00,53,4,1,38,0,10,-6,F Minor,4,4bJygwUKrRgq1stlNXcgMg,RUA110100098
106,"Murder On The Dancefloor","Sophie Ellis-Bextor",117,12A,85,2023-07-14,03:50,3,"","Read My Lips",2002-01-01,73,0,0,86,0,30,-5,C♯/D♭ Minor,4,2Za2mUwmQoSxWPscaY2vxl,GBAKW0100229
107,"Blanco y Negro","Malú",168,5B,83,2023-07-14,03:53,59,"flamenco pop, flamenco","Guerra Fria",2010-05-08,47,51,0,51,0,10,-4,D#/E♭ Major,3,2yc9sElleYDl3NXMZSgsRv,ES5021000489
108,"CAN'T STOP THE FEELING! (from DreamWorks Animation's  TROLLS )","Justin Timberlake",113,8B,83,2023-07-14,03:56,77,"","CAN'T STOP THE FEELING! (from DreamWorks Animation's  TROLLS )",2016-05-06,67,1,0,70,0,10,-6,C Major,4,6JV2JOEocMgcZxYSZelKcc,USRC11600876
109,"Mi Religión","Nil Moliner",106,7B,73,2023-07-14,03:11,58,"","Bailando en la batalla",2020-02-21,85,27,0,97,0,20,-5,F Major,4,5zNlrLpJFZt3RvRe9A0Hed,ES5151900569
110,"I'm Outta Love - Radio Edit","Anastacia",119,3A,72,2023-07-14,04:05,72,"","Pieces Of A Dream",1999-00-00,76,40,0,65,0,0,-6,A#/B♭ Minor,4,583xVl0Sbj93uU4ceixgU8,USSM19925562
111,"La Mordidita (feat. Yotuel)","Ricky Martin,Yotuel",142,8B,90,2023-07-14,03:31,71,"latin pop, latin, flamenco urbano, flamenco","A Quien Quiera Escuchar (Deluxe Edition)",2015-02-10,73,3,0,95,0,10,-3,C Major,4,00i0O74dXdaKKdCrqHnfXm,USSD11400352
112,"That's the Way (I Like It) - 2004 Remaster","KC & The Sunshine Band",109,4A,88,2023-07-14,03:05,69,"disco","KC & the Sunshine Band",1975-07-06,68,19,0,92,0,30,-10,F Minor,4,3PR79C1jVvLLLmgdyHkXl3,GBAYE0400454
113,"Don't Leave Me This Way (with Sarah Jane Morris)","The Communards,Sarah Jane Morris",132,5B,93,2023-07-14,04:31,66,"hi-nrg, synthpop, acid jazz","Communards",1986-01-01,64,14,0,90,0,10,-6,D#/E♭ Major,4,0ire4j2mcGovF5JA1D2cTp,GBANP8600001
114,"Purple Rain","Prince",113,6B,45,2023-07-14,08:40,6,"funk, funk rock","Purple Rain",1984-06-25,37,4,0,19,0,60,-10,A#/B♭ Major,4,54X78diSLoUDI3joC2bjMz,USWB10001880
115,"La vida pasa felizmente (remastered)","Luis Aguile",100,6B,53,2023-07-14,02:51,27,"villancicos","Luis Aguilé. Sus Grabaciones En Discos Showman Vol.2 (1968-1974)",2002-01-01,76,8,0,98,0,0,-11,A#/B♭ Major,4,1ckqbT2LtD2K1Mqvlmo21n,ES6340901371
116,"Scream & Shout","will.i.am,Britney Spears",130,7B,69,2023-07-14,04:43,81,"pop","#willpower",2013-01-01,77,2,0,50,0,10,-7,F Major,4,2iJuuzV8P9Yz0VSurttIV5,USUM71215597
117,"Dolce Vita","Ryan Paris",122,4A,74,2023-07-14,07:31,57,"italo disco, italo dance","ZYX Italo Disco Collection",2009-12-04,88,19,0,96,0,0,-9,F Minor,4,6AsF1pBjFMIEMXuA8JgRag,DEA310904718
118,"All Night Long (All Night)","Lionel Richie",109,3B,58,2023-07-14,06:22,63,"motown","Can't Slow Down",1983-01-01,71,27,0,85,0,0,-13,C♯/D♭ Major,4,1DxT6f6mH7kLriOUWbujup,USMO18390005
119,"Tiburon","Proyecto Uno",130,8B,72,2023-07-14,05:03,70,"merengue, latin house","In Da House",1997-00-00,88,15,0,89,0,0,-13,C Major,4,2GcjfckZexh9wRRjg9KtQG,US3Z40407581
120,"Aire - Remastered","Pedro Marin",129,10B,95,2023-07-14,03:33,45,"","Todas sus grabaciones en Hispavox (1979-1986) [Remastered 2015]",2015-04-07,74,5,0,87,0,0,-8,D Major,4,3QiRtWfWlZtLz43VbJRiEm,ES5151402543
121,"Ain't Nobody (Loves Me Better) (feat. Jasmine Thompson)","Felix Jaehn,Jasmine Thompson",118,7A,57,2023-07-14,03:06,74,"tropical house, ","I",2018-02-16,78,67,0,46,0,0,-7,D Minor,4,3c8iiZGfEammKJuWTErE5x,DEUM71500425
122,"Rock DJ","Robbie Williams",103,9B,77,2023-07-14,04:18,72,"","Sing When You're Winning",2000-01-01,71,3,0,86,0,40,-4,G Major,4,4pbyDPjFgfPqFTcIMC8xpK,GBAYK0000160
123,"You're Beautiful","James Blunt",82,5A,48,2023-07-14,03:29,77,"","Back to Bedlam",2005-08-08,68,63,0,45,0,0,-10,C Minor,4,0vg4WnUWvze6pBOJDTq99k,USAT20401588
124,"I Gotta Feeling","Black Eyed Peas",128,8B,77,2023-07-14,04:49,85,"","THE E.N.D. (THE ENERGY NEVER DIES) [Deluxe Version]",2009-01-01,74,9,0,61,0,50,-6,C Major,4,4kLLWz7srcuLKA7Et40PQR,USUM70965169
125,"YMCA - Original Version 1978","Village People",127,2B,97,2023-07-14,04:46,71,"disco","YMCA",1978-01-01,72,6,0,73,10,10,-5,F#/G♭ Major,4,54OR1VDpfkBuOY5zZjhZAY,FR6V80878846
126,"Juntos","Paloma San Basilio",138,6B,95,2023-07-14,04:21,52,"","Ahora",1981-00-00,58,32,0,81,0,20,-5,A#/B♭ Major,4,7jK3BKP4SDY3MGHKgbGcp9,ES5088303961
127,"Yeah! (feat. Lil Jon & Ludacris)","USHER,Lil Jon,Ludacris",105,10B,79,2023-07-14,04:10,87,"r&b, crunk, southern hip hop","Confessions (Expanded Edition)",2004-03-23,89,2,0,58,10,0,-5,D Major,4,5rb9QrpfcKFHM1EUbSIurX,USAR10301423
128,"Never Gonna Give You Up","Rick Astley",113,4B,94,2023-07-14,03:33,5,"","Whenever You Need Somebody",1987-11-12,72,12,0,91,0,10,-12,G#/A♭ Major,4,4cOdK2wGLETKBW3PvgPWqT,GBARL9300135
129,"Greased Lighten'","John Travolta",159,8B,68,2023-07-14,03:14,45,"musicals","Greased Lightnin'",2008-02-08,54,19,15,95,0,20,-17,C Major,4,3qD3IT0t8QnkD80DEYvRgr,NLG620403707
130,"Bimbó 92","Georgie Dann",125,4A,93,2023-07-14,02:33,27,"","Macumba y Otros Tremendos Exitos",2000-00-00,61,2,1,95,0,10,-5,F Minor,4,3I4rCM3LCLIFCNA0iRQ9Qz,ES5029100073
131,"Duro De Pelar","Rebeca",138,7B,97,2023-07-14,03:23,48,"eurodance","Rebeca",1996-01-15,75,5,1,94,0,60,-7,F Major,4,6b61wUfgkYnP1pmXI6k13J,ES6010500389
132,"Enseñame a Cantar","Micky",188,10B,78,2023-07-14,03:28,1,"kompa","Todo Lo Mejor",2003-05-22,66,52,0,94,10,0,-9,D Major,4,6zT8SxeBSGZlMgQM8VvgYZ,ES5299400089
133,"Una Noche Más","Jennifer Lopez",125,3A,94,2023-07-14,04:05,48,"","On The 6",1999-04-20,72,0,6,90,0,10,-7,A#/B♭ Minor,4,6vXpvdynJIA38p4ffg9buA,USSM19900595
134,"Complicated","Avril Lavigne",78,7B,78,2023-07-14,04:04,84,"","Let Go",2002-06-04,59,6,0,43,0,30,-6,F Major,4,5xEM5hIgJ1jjgcEBfpkt2F,USAR10200223
135,"Enola Gay","Orchestral Manoeuvres In The Dark",143,7A,56,2023-07-14,03:32,56,"new wave, synthpop","The Best Of Orchestral Manoeuvres In The Dark",1988-01-01,57,1,3,96,0,0,-14,D Minor,4,7bJSbd2Upa4iYVHlbRKEJm,GBAAA8000002
136,"Que La Detengan","David Civera",126,4B,96,2023-07-14,03:32,48,"","En Cuerpo Y Alma",2002-01-01,75,9,0,70,0,20,-5,G#/A♭ Major,4,5a76ewdxMy4WoMuDinapcl,ES6010200176
137,"Mood (feat. iann dior)","24kGoldn,iann dior",91,6A,72,2023-07-14,02:20,4,"melodic rap","Mood (feat. iann dior)",2020-07-24,70,22,0,76,0,20,-4,G Minor,4,3tjFYV6RSFtuktYl3ZtYcq,USQX92003025
138,"Don't Cha","The Pussycat Dolls,Busta Rhymes",120,3B,63,2023-07-14,04:32,76,"east coast hip hop","PCD",2005-01-01,88,1,0,55,10,10,-3,C♯/D♭ Major,4,0BxfFnk0YzONqvmrkO0QrB,USUM70503191
139,"Simply Irresistible","Robert Palmer",143,11B,93,2023-07-14,04:14,61,"yacht rock","Heavy Nova (Bonus Tracks Version)",1988-00-00,65,13,0,70,0,0,-7,A Major,4,7mmhMfqs3knRMMlvnMPTHn,GB01A8800001
140,"I Like The Way - Radio Edit","Bodyrockers",128,2B,85,2023-07-14,03:20,56,"","Bodyrockers",2005-01-01,64,2,1,78,0,0,-4,F#/G♭ Major,4,0reKGVcWLVvl1FzjZ6TACy,GBF080500011
141,"Cien gaviotas","Duncan Dhu",136,11B,94,2023-07-14,02:49,59,"rock en español, latin rock","Canciones",1986-01-17,59,13,0,85,0,0,-5,A Major,4,020Gj87SqDRvzGHELzcCEc,ES5018660000
142,"Quevedo: Bzrp Music Sessions, Vol. 52/66","Bizarrap,Quevedo",128,10B,78,2023-07-14,03:18,82,"argentine trap, trap latino, urbano latino, ","Quevedo: Bzrp Music Sessions, Vol. 52/66",2022-07-06,62,1,3,55,0,20,-6,D Major,4,2tTmW7RDtMQtBk7m2rYeSw,UYB282201028
143,"Bleeding Love","Leona Lewis",104,7B,66,2023-07-14,04:22,79,"","Spirit",2007-00-00,64,19,0,23,0,10,-6,F Major,4,7wZUrN8oemZfsEd1CGkbXE,GBHMU0700049
144,"Mayores","Becky G,Bad Bunny",97,4A,84,2023-07-14,03:23,77,"reggaeton, latin, trap latino, urbano latino","MALA SANTA",2019-10-18,75,14,0,87,0,10,-4,F Minor,4,2AY1UAimvTqjJC8vDJsOyy,USRC11701270
145,"Laura no està","Nek",126,8A,72,2023-07-14,03:45,70,"rock en español, latin pop","Nek (spanish version)",1997-00-00,65,44,0,50,0,10,-5,A Minor,4,10tzk7ZRjwnLKd3gjKLtTA,ITJ039700014
146,"Arrasando","Thalia",132,10B,98,2023-07-14,03:59,62,"latin pop","Arrasando",2000-01-01,73,5,1,91,0,60,-6,D Major,4,1EhDeCHd34jt7dMDqkGQBC,MXF060000004
147,"Sweat (A La La La La Long)","Inner Circle",173,8B,73,2023-07-14,03:47,3,"reggae, roots reggae","Blazzin' Fire",2010-12-14,79,1,0,94,20,10,-8,C Major,4,1SssFw74DdHVjRa6ADggdD,USA2P1004785
148,"La Bilirrubina","Juan Luis Guerra 4.40",130,3B,91,2023-07-14,04:05,0,"merengue, bachata, salsa","Bachata Rosa",1990-01-01,74,84,0,94,0,30,-6,C♯/D♭ Major,4,4xzcXQrlMKwvv3kDpvBKWm,USJ3V1861775
149,"Asi Me Gusta a Mi","Chimo Bayo",120,9B,97,2023-07-14,06:09,0,"","Techno Valencia Mix (The History) Back to the 90's",2014-05-12,59,13,82,52,0,0,-11,G Major,4,4yu6Gh2sTy26PqVtLRmGOn,ES5770601012
150,"Amigos para Siempre","Los Manolos",118,3B,85,2023-07-14,04:24,51,"flamenco, flamenco pop","Dulce Veneno",1992-06-23,71,34,0,93,0,0,-10,C♯/D♭ Major,4,6PfQB3xEbIlky1dXOb3Yyh,ES5029200095
151,"Salir","Extremoduro",160,9B,65,2023-07-14,05:18,69,"","Canciones Prohibidas",1998-06-08,32,29,0,47,0,10,-6,G Major,4,4z2EeFUp5Lhai9qhHtA6IF,ES5019814000
152,"Hung Up","Madonna",125,8A,65,2023-07-14,05:37,81,"","Confessions on a Dance Floor",2005-11-11,65,0,16,41,0,0,-8,A Minor,4,3850dYVgOFIXJh5U4BFEWH,USWB10504319
153,"The Passenger","Iggy Pop",135,8B,89,2023-07-14,04:43,73,"proto-punk, glam rock","Lust For Life",1977-08-29,50,9,0,70,0,70,-5,C Major,4,15BQ7vEDv2LJuh8TxWIhtd,USVI20700278
154,"The Only Thing That Looks Good On Me Is You","Bryan Adams",119,9B,93,2023-07-14,03:37,51,"","18 Til I Die",1996-06-04,64,5,0,96,0,40,-4,G Major,4,4XcNoJ4W4Qa4uuqxa2KRsm,USAM19602270
155,"Don't Worry Be Happy","Bobby McFerrin",69,1B,16,2023-07-14,04:52,68,"","The Collection",1997-01-01,68,88,0,77,10,0,-23,B Major,4,5YbgcwHjQhdT1BYQ4rxWlD,USEM38800361
156,"Mamma Mia","ABBA",138,10B,75,2023-07-14,03:33,80,"","Abba",1975-00-00,75,30,0,83,0,40,-7,D Major,4,2TxCwUlqaOH3TIyJqGgR91,SEAYD7501010
157,"There's Nothing Holdin' Me Back","Shawn Mendes",122,10A,81,2023-07-14,03:19,88,"","Illuminate (Deluxe)",2017-04-20,87,38,0,97,0,0,-4,B Minor,4,7JJmb5XwzOO8jgpou264Ml,USUM71702833
158,"Hawái","Maluma",180,11A,73,2023-07-14,03:19,81,"reggaeton, latin, urbano latino","PAPI JUANCHO",2020-08-21,78,19,0,56,30,0,-3,F#/G♭ Minor,4,1yoMvmasuxZfqHEipJhRbp,USSD12000190
159,"Bitch","Meredith Brooks",96,11B,89,2023-07-14,04:12,73,"","Blurring The Edges",1997-01-01,62,1,0,65,0,0,-6,A Major,4,3i6qNxyVgIdUZTTi5m25EM,USCA29701376
160,"Save Your Tears","The Weeknd",118,8B,83,2023-07-14,03:35,87,"","After Hours",2020-03-20,68,2,0,64,0,50,-5,C Major,4,5QO79kh1waicV47BqGRL3g,USUG12000658
161,"Boys - Summertime Love","Sabrina",120,4A,68,2023-07-14,03:54,64,"italo disco","Sabrina",1988-00-00,84,14,48,94,0,0,-11,F Minor,4,1uI848raFaNWwe9HjHpjQ5,GBJUT1009950
162,"Lobo-hombre en París","La Unión",146,11B,95,2023-07-14,03:52,71,"rock en español, latin rock","Mil Siluetas",1984-10-15,60,2,0,75,0,10,-5,A Major,4,2hConpLOB6gmyM8vDkVOof,ES5158401006
163,"Girls Just Want to Have Fun","Cyndi Lauper",120,2B,80,2023-07-14,03:58,83,"","She's So Unusual",1983-10-14,71,22,0,73,0,30,-5,F#/G♭ Major,4,4y1LsJpmMti1PfRQV9AWWe,USSM18300548
164,"Voyage voyage","Desireless",124,1A,91,2023-07-14,04:26,74,"","François",2001-01-02,61,25,1,84,0,30,-6,G#/A♭ Minor,4,2d8D7uk3tbAThjRkdfrx9c,DEQ858600201
165,"I Promised Myself","Nick Kamen",128,11B,80,2023-07-14,04:00,62,"","Move Until We Fly",1990-00-00,58,0,0,69,0,0,-12,A Major,4,5jVJAojK3LFKETjI2gYb8O,GBAHT1400334
166,"Johnny Techno Ska - Versión 1994 Remasterizada","Paco Pil",160,8B,63,2023-07-14,03:30,38,"","Energía Positiva (Remaster)",1994-03-23,67,2,0,98,0,0,-13,C Major,4,0qPFZh2doqpRirH6JwqiFS,ES16I1700012
167,"Calma - Remix","Pedro Capó,Farruko",127,10A,77,2023-07-14,03:58,73,"latin pop, latin, reggaeton, trap latino","Calma (Remix)",2018-10-05,83,32,0,76,0,10,-4,B Minor,4,5iwz1NiezX7WWjnCgY5TH4,USSD11800343
168,"We Are Young (feat. Janelle Monáe)","fun.,Janelle Monáe",184,6B,64,2023-07-14,04:10,80,"alternative r&b","Some Nights",2012-02-14,38,2,0,74,0,0,-6,A#/B♭ Major,4,5rgy6ghBq1eRApCkeUdJXf,USAT21101399
169,"Antes Muerta Que Sencilla","María Isabel",160,8B,91,2023-07-14,02:32,50,"flamenco","¡No Me Toques Las Palmas Que Me Conozco!",2004-01-01,76,3,0,96,10,0,-5,C Major,4,3QncI2MDoSto39bT8SJtKK,ES6010400483
170,"Gypsy Woman (She's Homeless) (La Da Dee La Da Da) - Basement Boy Strip To The Bone Mix","Crystal Waters,The Basement Boys",120,7B,64,2023-07-14,07:31,72,"","Surprise",1991-01-01,48,0,28,18,0,0,-13,F Major,4,1SShxVVBeZBCY7WddnksPz,USIR20200561
171,"Here Comes the Hotstepper","iNi Kamoze",100,9B,54,2023-07-14,04:04,54,"reggae, roots reggae","On Your 90's Radio",2001-01-01,85,3,0,48,10,20,-7,G Major,4,4vfzROmNsxedKICcHod5Rh,USSM19802296
172,"Conga!","Miami Sound Machine",122,10B,66,2023-07-14,04:14,68,"","Primitive Love",1985-08-13,79,17,4,87,0,0,-15,D Major,4,3FdHgoJbH3DXNtGLh56pFu,USSM10026825
173,"Ella Elle L A","Kate Ryan",125,9A,86,2023-07-14,03:08,47,"eurodance","Free",2008-01-01,56,0,0,53,0,40,-4,E Minor,4,4a9hKPzMzh0vkKOUnz5gSD,BEUM70800110
174,"It's a Sin - 2018 Remaster","Pet Shop Boys",127,5A,86,2023-07-14,04:59,73,"synthpop, new wave","Actually: Further Listening 1987 - 1988 (2018 Remaster)",1987-09-07,54,21,0,28,0,20,-6,C Minor,4,5fy4vfEtv6lzqLx2Mt7stF,GBAYE1700799
175,"Let Me Out","Dover",130,6B,86,2023-07-14,04:23,56,"","Follow The City Lights",2006-10-02,65,0,18,41,0,10,-4,A#/B♭ Major,4,22D8T98R2LL6PEC0LGrmYt,ES5080600525
176,"Rockabye (feat. Sean Paul & Anne-Marie)","Clean Bandit,Anne-Marie,Sean Paul",102,8A,73,2023-07-14,04:11,82,"dancehall","What Is Love? (Deluxe Edition)",2018-11-30,72,38,0,79,0,40,-5,A Minor,4,2hrUO4drrO63i7FYbCLBl2,GBAHS1600363
177,"Yo Quiero Bailar","Sonia Y Selena",134,1B,95,2023-07-14,03:33,55,"","Yo Quiero Bailar",2001-01-01,63,16,0,91,0,30,-6,B Major,4,4rFCPjKfgbEeNvs1Ku4nbd,ES6010200113
178,"Beautiful Girls","Sean Kingston",130,12A,66,2023-07-14,03:45,82,"","Beautiful Girls",2007-07-23,76,15,0,77,0,20,-6,C♯/D♭ Minor,4,1hGy2eLcmC8eKx7qr1tOqx,USSM10701781
179,"Saturday Night - Radio Mix","Whigfield",130,1B,91,2023-07-14,04:07,32,"eurodance","The Hits Collection",2022-05-02,73,8,8,97,0,0,-7,B Major,4,2ev0McFPUBFiQ8CAXL2Okw,IT00D9400207
180,"Madre Tierra (Oye)","Chayanne",125,8B,95,2023-07-14,03:25,68,"latin pop","En Todo Estaré (Deluxe Edition)",2014-08-25,70,2,0,80,0,20,-4,C Major,4,2wlptOJ1g5fvLdu6ruKCKU,USSD11400143
181,"¿Porqué te vas?","Jeanette",173,5A,46,2023-07-14,03:21,76,"","Porque Te Vas",2011-03-11,61,43,0,96,0,10,-11,C Minor,4,11rsK9GDZ9UdWsxtDqnMmN,ES5099800415
182,"One Dance","Drake,Wizkid,Kyla",104,3B,63,2023-07-14,02:53,91,"rap, afrobeats, afrobeat, afropop, azonto, afroswing, afro r&b, afropiano, ","Views",2016-05-06,79,1,0,37,0,30,-6,C♯/D♭ Major,4,1zi7xx7UVEFkmKfv06H8x0,USCM51600028
183,"Mon Amour - Remix","zzoilo,Aitana",116,10B,76,2023-07-14,02:59,77,"latin pop, ","Mon Amour (Remix)",2021-08-18,75,12,0,36,10,10,-7,D Major,4,5TMLavqGRKNxgzMBrVpC9R,ES5702101693
184,"Budapest","George Ezra",128,7B,46,2023-07-14,03:20,81,"","Wanted on Voyage (Expanded Edition)",2014-06-30,72,8,0,39,0,10,-8,F Major,4,2ixsaeFioXJmMgkkbd4uj1,GBARL1400477
185,"Lo echamos a suertes","Ella Baila Sola",89,10B,79,2023-07-14,03:57,61,"","Ella Baila Sola",1996-00-00,62,40,0,46,0,10,-5,D Major,4,1EBYkBMIU9nWRCLsot4DN2,ES5089602575
186,"Bienvenidos","Miguel Ríos",91,1B,83,2023-07-14,04:02,35,"rock en español, trova, nueva trova","Asi Que Pasen 30 Años",1992-01-01,40,1,0,57,0,80,-11,B Major,4,12FI23F59xB0DOoZcVKf4J,ES6009700144
187,"Agapimu","Ana Belén",172,5A,76,2023-07-14,03:31,34,"trova, nueva trova, singer-songwriter, bolero","Grandes Exitos",1979-00-00,55,58,0,91,10,0,-9,C Minor,3,32MzNj36hpZLKIvdo80hOO,ES5119901781
188,"Because the Night","Patti Smith",124,10A,76,2023-07-14,03:24,71,"proto-punk","Easter",1978-00-00,47,5,0,47,0,10,-8,B Minor,4,0lIoY4ZQsdn5QzhraM9o9u,USAR17800008
189,"Basket Case","Green Day",85,5B,94,2023-07-14,03:01,84,"punk, pop punk","Dookie",1994-02-01,44,0,0,78,0,0,-3,D#/E♭ Major,4,6L89mwZXSOwYl76YXfX13s,USRE19900151
190,"Ai Se Eu Te Pego","Michel Teló",96,1B,95,2023-07-14,02:45,0,"sertanejo, sertanejo universitário, sertanejo tradicional","Na Balada",2015-04-23,61,49,0,85,0,90,-4,B Major,4,4XHNR6VSE2JLNd65kNkX2L,BRIMT1100076
191,"American Pie","Don McLean",138,9A,48,2023-07-14,08:36,80,"","American Pie",1971-00-00,53,70,0,49,0,0,-12,E Minor,4,1fDsrQ23eTAVFElUMaf38X,USEM38600088
192,"Can't Get You out of My Head","Kylie Minogue",126,8A,56,2023-07-14,03:50,81,"dance pop","Fever",2001-10-01,77,3,68,96,0,10,-8,A Minor,4,3E7ZwUMJFqpsDOJzEkBrQ7,GBAYE0100913
193,"Stars On 45 - Original Single Edit","Stars On 45",123,9B,65,2023-07-14,04:46,53,"disco","Stars On 45",1981-01-22,78,35,0,97,0,40,-11,G Major,4,59BkBWQitTPgS1inzGfyI5,NLC288100003
194,"Wake Me Up","Avicii",124,10B,78,2023-07-14,04:07,87,"edm","True",2013-09-16,53,0,0,64,0,10,-6,D Major,4,0nrRP2bk19rLc0orkWPQk2,SEUM71301326
195,"Price Tag","Jessie J,B.o.B",175,7B,83,2023-07-14,03:43,79,"","Who You Are (Platinum Edition)",2011-01-01,64,3,0,67,10,20,-4,F Major,4,2fTsFCKRFQ5M0igJgabnLA,USUM71029357
196,"Love Shack","The B-52's",134,4A,80,2023-07-14,05:20,71,"new wave, post-punk","Cosmic Thing",1989-06-23,70,5,0,90,0,70,-7,F Minor,4,4W4wYHtsrgDiivRASVOINL,USRE18900030
197,"Creep","Radiohead",92,9B,43,2023-07-14,03:58,93,"art rock, alternative rock","Pablo Honey",1993-02-22,52,1,0,10,0,10,-10,G Major,4,70LcF31zb1H0PyJoS1Sx1r,GBAYE9200070
198,"Rise Up - Radio Edit","Yves Larock",128,10B,80,2023-07-14,02:50,58,"electronic classical","Rise Up (The Remixes)",2015-11-20,66,0,0,86,10,30,-7,D Major,4,2YdX7PEziOImkySNDWsaKM,CH6361507470
199,"Tubthumping","Chumbawamba",101,10B,88,2023-07-14,04:38,73,"","Tubthumper",1997-09-01,35,13,0,61,10,30,-7,D Major,4,22HYEJveCvykVDHDiEEmjZ,DEA349700542
200,"I WANNA BE YOUR SLAVE","Måneskin",133,3B,61,2023-07-14,02:53,84,"","Teatro d'ira - Vol. I",2021-03-19,75,0,0,96,0,10,-4,C♯/D♭ Major,4,4pt5fDVTg5GhEvEtlz9dKk,ITB002100115
201,"Bye Bye Bye","*NSYNC",173,1A,93,2023-07-14,03:20,72,"","No Strings Attached",2000-03-21,61,4,0,88,0,0,-5,G#/A♭ Minor,4,4r8lRYnoOGdEi6YyI5OC1o,USJI10000001
202,"Seven Nation Army","The White Stripes",124,9A,45,2023-07-14,03:52,85,"garage rock, blues rock, rock, alternative rock","Elephant",2003-04-01,74,0,12,28,0,30,-8,E Minor,4,3dPQuX8Gs42Y7b454ybpMR,USVT10300001
203,"I'm Too Sexy","Right Said Fred",122,10A,74,2023-07-14,02:50,0,"","Up",1992-01-07,68,0,1,84,0,20,-13,B Minor,4,2WElktskrNJEwgpp5Vouxk,GBBRL9290469
204,"Do You Want To","Franz Ferdinand",123,8B,94,2023-07-14,03:35,64,"indie rock","You Could Have It So Much Better",2005-10-03,41,7,0,79,0,80,-3,C Major,4,6WrnSlcN0dzTO80mVVbBto,GBCEL0500855
205,"Back for Good - Radio Mix","Take That",79,7B,50,2023-07-14,04:02,75,"","Nobody Else (Expanded Edition)",1995-05-08,60,31,0,56,0,10,-10,F Major,4,6vcdzohhBSbNdsZBh5IRpQ,GBARL9500020
206,"Mr. Jones","Counting Crows",142,8B,82,2023-07-14,04:32,81,"","August And Everything After",1993-09-14,58,18,0,73,0,20,-7,C Major,4,5DiXcVovI0FcY2s0icWWUu,USIR10000287
207,"About Damn Time","Lizzo",109,3A,74,2023-07-14,03:11,7,"","About Damn Time",2022-04-14,84,10,0,72,0,30,-6,A#/B♭ Minor,4,1PckUlxKqWQs3RlWXVBLw3,USAT22202139
208,"Hot Stuff","Donna Summer",120,8B,74,2023-07-14,05:14,71,"disco, hi-nrg","Bad Girls",1979-04-25,82,1,3,97,0,0,-14,C Major,4,2zMJN9JvDlvGP4jB03l1Bz,USPR37907202
209,"Little L","Jamiroquai",122,3A,72,2023-07-14,04:55,70,"acid jazz","A Funk Odyssey",2001-08-29,88,17,1,90,10,10,-5,A#/B♭ Minor,4,7hhclvecTpNxNNRCk7NUoc,GBBBN0102227
210,"We Are The World","U.S.A. For Africa",73,12B,45,2023-07-14,07:07,71,"","We Are The World",1985-01-01,53,19,0,29,0,0,-15,E Major,4,3Z2tPWiNiIpg8UMMoowHIk,US25T8511672
211,"Nunca volverá","El Sueño de Morfeo",184,12A,88,2023-07-14,03:14,59,"","El sueño de Morfeo (reedicion)",2005-03-07,39,0,0,55,0,0,-3,C♯/D♭ Minor,4,3TZiiTNmVhLRMhPksHqk8M,ES7210511607
212,"Wake Me Up Before You Go-Go","Wham!",82,8B,57,2023-07-14,03:51,81,"christmas","Make It Big",1984-10-23,62,27,0,90,0,0,-12,C Major,4,0ikz6tENMONtK6qGkOrU3c,GBBBN0009712
213,"Single Ladies (Put a Ring on It)","Beyoncé",193,3B,58,2023-07-14,03:13,68,"","I AM...SASHA FIERCE",2008-11-17,43,4,0,27,30,10,-5,C♯/D♭ Major,4,5R9a4t5t5O0IsznsrKPVro,USSM10803760
214,"TiK ToK","Kesha",120,7A,84,2023-07-14,03:19,85,"","Animal (Expanded Edition)",2010-01-01,76,10,0,71,10,20,-3,D Minor,4,0HPD5WQqrq7wPWR7P7Dw1i,USRC10900433
215,"Ni Mas Ni Menos","Los Chichos",101,12A,75,2023-07-14,03:20,0,"flamenco, flamenco pop","Los Chicos: Todos sus Éxitos...y Más",1996-00-00,77,33,0,92,20,20,-8,C♯/D♭ Minor,4,3NWoyVfSCtJ7CSFQ7rVu05,ES5299600111
216,"I Don't Want A Lover","Texas",120,9B,47,2023-07-14,05:00,0,"","Southside",1989-01-01,76,20,0,43,0,10,-13,G Major,4,000u1dTg7y1XCDXi80hbBX,GBF088900156
217,"Volver, Volver","Vicente Fernández",165,11B,35,2023-07-14,03:00,71,"ranchera, mariachi, música mexicana, norteño, bolero, banda","Arriba Huentitan",1972-05-26,36,39,0,47,0,20,-10,A Major,4,4Fvnz1ZJ86IdqDAepWYPAh,MXF147800094
218,"Pump Up The Jam","Technotronic",125,3A,84,2023-07-14,05:20,74,"eurodance, hip house, dance","Pump Up The Jam",1989-11-28,89,1,0,72,0,0,-9,A#/B♭ Minor,4,21qnJAMtzC6S5SESuqQLEK,BED018901375
219,"Everybody (Backstreet's Back) - Radio Edit","Backstreet Boys",108,3A,85,2023-07-14,03:45,81,"","Backstreet's Back",1997-08-12,73,4,0,61,0,20,-4,A#/B♭ Minor,4,1di1BEgJYzPvXUuinsYJGP,USJI19710083
220,"Kings & Queens","Ava Max",130,12A,69,2023-07-14,02:42,83,"","Heaven & Hell",2020-09-18,64,1,0,46,0,10,-4,C♯/D♭ Minor,4,7a53HqqArd4b9NF4XAmlbI,USAT21906943
221,"More Than This","Roxy Music",129,2B,67,2023-07-14,04:30,71,"glam rock, art rock","Avalon",1982-05-01,65,5,5,76,0,10,-8,F#/G♭ Major,4,6N7gPTru90HYLRUIVDQ185,GBAAA9900092
222,"Stayin Alive","Bee Gees",104,3A,77,2023-07-14,04:45,74,"disco","How Can You Mend A Broken Heart",2020-12-11,70,3,1,95,0,10,-9,A#/B♭ Minor,4,5ubvP9oKmxLUVq506fgLhk,USRH10721057
223,"MMMBop","Hanson",105,11B,94,2023-07-14,04:28,69,"","Middle Of Nowhere",1997-01-01,68,0,0,62,0,0,-6,A Major,4,0lnxrQAd9ZxbhBBe7d8FO8,USMR19786791
224,"Baila el Chiki Chiki","Rodolfo Chikilicuatre,Tata Golosa",97,3A,87,2023-07-14,02:53,36,"","Hots Hits Latinos",2017-01-13,86,1,0,82,10,0,-5,A#/B♭ Minor,4,7wUKRQMHG0fI3DBzi6Tp29,DEE791705210
225,"Airplanes (feat. Hayley Williams of Paramore)","B.o.B,Hayley Williams",93,11A,87,2023-07-14,03:00,79,"art pop","B.o.B Presents: The Adventures of Bobby Ray",2010-04-27,66,11,0,38,10,0,-4,F#/G♭ Minor,4,6lV2MSQmRIkycDScNtrBXO,USAT21000477
226,"Kiss Me More (feat. SZA)","Doja Cat,SZA",111,4B,70,2023-07-14,03:28,8,"r&b","Kiss Me More (feat. SZA)",2021-04-09,76,24,0,74,0,10,-4,G#/A♭ Major,4,748mdHapucXQri7IAO8yFK,USRC12100543
227,"No Rompas Mi Corazón","Coyote Dax",126,7B,83,2023-07-14,03:29,40,"","Me Vale",2001-05-20,77,4,0,99,0,30,-6,F Major,4,1mJYIA1fwPgw40Kp9KIouE,ES6010100020
228,"Historias de amor","OBK",125,3A,31,2023-07-14,03:24,47,"synthpop","Llámalo Sueño",1991-03-03,58,26,0,37,0,0,-18,A#/B♭ Minor,4,0dIj0bpkfkKpcYYa5ehaRS,ES1059200100
229,"Borriquito","Peret",94,1B,94,2023-07-14,03:33,32,"flamenco, flamenco pop","Grandes Exitos",1990-06-11,51,1,1,85,0,20,-9,B Major,4,64X1Hzn8aqjFpiVfWjCGsp,ES5027100001
230,"Yo no soy esa","Mari Trini",121,7A,63,2023-07-14,02:32,56,"bolero","Escúchame",1971-00-00,58,7,0,73,0,30,-5,D Minor,4,4wJNcICQAv1ZNj8tkoMJab,ES5099800419
231,"Summer","Calvin Harris",128,9A,86,2023-07-14,03:42,84,"edm","Motion",2014-10-31,60,2,2,74,0,10,-4,E Minor,4,6YUTL4dYpB9xZO5qExPf05,GBARL1400296
232,"Lady - Hear Me Tonight","Modjo",126,2B,81,2023-07-14,05:07,84,"french house, disco house","Modjo (Remastered)",2001-00-00,72,1,3,87,0,0,-6,F#/G♭ Major,4,49X0LAl6faAusYq02PRAY6,FR9W10100535
233,"Human","The Killers",135,6B,80,2023-07-14,04:05,77,"alternative rock","Day & Age (Bonus Tracks)",2008-11-18,56,0,0,58,0,0,-8,A#/B♭ Major,4,1sTsuZTdANkiFd7T34H3nb,USUM70837367
234,"Issues","Julia Michaels",114,4B,42,2023-07-14,02:56,74,"","Nervous System",2017-07-28,73,40,0,46,0,0,-7,G#/A♭ Major,4,7vu0JkJh0ldukEYbTVcqd0,USUM71615691
235,"Sugar Baby Love","The Rubettes",130,8B,77,2023-07-14,03:29,53,"glam rock","The Best Of",1990-01-01,42,0,2,79,0,30,-9,C Major,4,294ii3rwz6bTJ2XMn5BDu0,GBAKW7400099
236,"Escuela de Calor","Radio Futura",122,10B,80,2023-07-14,03:30,56,"rock en español","La Ley Del Desierto",1984-04-20,70,12,2,96,0,0,-10,D Major,4,7J0niAY0FLzGiCVJUREl88,ES5028400051
237,"Wannabe","Spice Girls",110,1B,86,2023-07-14,02:53,82,"","Spice",1996-01-01,77,10,0,89,0,10,-6,B Major,4,1Je1IMUlBXcx1Fz0WE7oPT,GBAAA9600008
238,"I Don't Feel Like Dancin'","Scissor Sisters",108,9B,92,2023-07-14,04:48,66,"","Ta-Dah",2006-01-01,71,2,0,85,0,30,-3,G Major,4,1q9l6c8bAzqWcvO3DM6FsR,GBUM70602587
239,"María Caipirinha (with Dj Dero)","Carlinhos Brown,DJ Dero",134,9A,93,2023-07-14,04:09,48,"axé, ","Latin Fitness Dance 2012 - Workout Cardio Music - The Hits for Your Workout (Pop Kuduro, Cumbia, Latin House, Dembow, Merengue, Salsa, Bachata)",2011-11-21,85,19,0,94,10,0,-6,E Minor,4,2X1P55Lrz0g5X2OQd8n4c9,ARF530200117
240,"Faith","George Michael",96,1B,50,2023-07-14,03:14,0,"","Ladies And Gentlemen... The Best Of George Michael",1998-11-09,92,1,0,55,10,0,-10,B Major,4,59eAcAyhYSLi5GKFrgHJzG,GBBBM8702010
241,"Blue (Da Ba Dee) - Gabry Ponte Ice Pop Radio","Eiffel 65,Gabry Ponte",128,6A,97,2023-07-14,04:43,7,"italo dance, eurodance, europop, slap house","Europop",1999-00-00,82,26,0,77,0,30,-11,G Minor,4,2yAVzRiEQooPEJ9SYx11L3,ITT019810102
242,"Gettin' Jiggy Wit It","Will Smith",108,2B,87,2023-07-14,03:47,73,"","Big Willie Style",1997-10-03,88,2,0,86,10,10,-5,F#/G♭ Major,4,0weAUscowxeqDtpCgtbpgp,USSM19702582
243,"Nada Que Perder","Conchita",124,7A,66,2023-07-14,04:22,25,"","Nada Más",2007-02-05,75,24,0,26,0,30,-8,D Minor,4,4V4P2sg9GaTttNn3mRnTDB,ES5080600904
244,"Angie - Remastered 2009","The Rolling Stones",136,8A,55,2023-07-14,04:32,74,"classic rock, rock","Goats Head Soup (Remastered 2009)",1973-08-31,43,67,0,41,0,10,-6,A Minor,4,1GcVa4jFySlun4jLSuMhiq,GBUM70909413
245,"Bailando por Ahi","Juan Magán",130,9A,73,2023-07-14,03:00,68,"reggaeton, latin","The King Of Dance",2012-05-14,73,4,0,97,0,20,-5,E Minor,4,6sHBvzRsuGunQTfCk18KXi,ES5021100308
246,"Dynamite","BTS",114,11A,77,2023-07-14,03:19,81,"k-pop","BE",2020-11-20,75,1,0,74,10,0,-4,F#/G♭ Minor,4,5QDLhrAOJJdNAmCTJ8xMyW,QM7282022872
247,"El Jardín Prohibido","Sandro Giacobbe",124,10B,43,2023-07-14,04:07,11,"","Sandro Giacobbe: Éxitos",2016-03-09,60,76,0,23,0,0,-7,D Major,4,3xec1BelrzOd6v0o8HRd2l,ES5379900132
248,"Vida de Rico","Camilo",88,2B,50,2023-07-14,03:04,69,"colombian pop, pop urbano","Mis Manos",2021-03-04,81,18,0,96,0,0,-4,F#/G♭ Major,4,4nTduFjaTmGysc9WKNuCcs,USSD12000388
249,"Cryin'","Aerosmith",106,11B,86,2023-07-14,05:08,2,"classic rock, rock","Get A Grip",1993-01-01,45,0,1,49,0,30,-4,A Major,3,0NJC0FDCODpPUntRTTQq97,USIR10000430
250,"Mr. Saxobeat","Alexandra Stan",127,9A,93,2023-07-14,03:15,2,"europop","Sundown (Original Motion Picture Soundtrack)",2016-05-06,72,3,0,78,0,10,-4,E Minor,4,2BTSWfjaTMYWCxhmVRhqLK,ROCRP1002864
251,"Perfect Strangers","Jonas Blue,JP Cooper",118,3B,86,2023-07-14,03:16,79,"tropical house, ","Blue",2018-11-09,73,39,0,70,0,20,-4,C♯/D♭ Major,4,3P3pw6C19j31Rnzgo3JG7o,GBUM71602437
252,"Todo De Ti","Rauw Alejandro",128,2A,72,2023-07-14,03:19,80,"reggaeton, urbano latino, trap latino, latin","VICE VERSA",2021-12-10,78,30,0,34,0,0,-4,D#/E♭ Minor,4,3rdAz1fbUfZxYgaCviYhRo,USSD12100202
253,"Blitzkrieg Bop - 2016 Remaster","Ramones",177,11B,78,2023-07-14,02:14,72,"punk, proto-punk","Ramones (40th Anniversary Deluxe Edition; 2016 Remaster)",1976-04-23,39,0,47,90,20,10,-3,A Major,4,4KcH1ZRV2W1q7Flq0QqC76,USRH11601901
254,"Eye of the Tiger","Survivor",109,5A,44,2023-07-14,04:03,79,"","Eye Of The Tiger",1982-00-00,82,22,0,55,0,0,-15,C Minor,4,2HHtWyy5CgaQbC7XSoOb0e,USVR19300001
255,"What Can I Do","The Corrs,Tin Tin Out",78,11B,52,2023-07-14,04:14,61,"celtic rock, ","Talk on Corners",1998-10-17,63,34,0,69,0,10,-8,A Major,4,4rvT5iZVOCJeXZrDvy6JFK,USAT29800219
256,"Scream","Michael Jackson,Janet Jackson",107,8B,94,2023-07-14,04:37,63,"new jack swing","HIStory - PAST, PRESENT AND FUTURE - BOOK I",1995-06-16,81,7,0,61,0,40,-7,C Major,4,4LD5dhQ3kqpqe14sGPDtBC,USSM19500006
257,"Beautiful","Christina Aguilera",76,4A,57,2023-07-14,03:58,69,"","Stripped",2002-07-19,46,58,0,10,0,10,-4,F Minor,4,3TCauNPqFiniaYHBvEVoHG,USRC10201067
258,"Bang Bang","Jessie J,Ariana Grande,Nicki Minaj",150,5A,79,2023-07-14,03:19,82,"pop, ","Sweet Talker (Deluxe Version)",2014-10-10,71,26,0,75,0,30,-3,C Minor,4,0puf9yIluy9W0vpMEUoAnN,USUM71409737
259,"Another One Bites The Dust - Remastered 2011","Queen",110,4A,53,2023-07-14,03:34,83,"classic rock, rock, glam rock","The Game (2011 Remaster)",1980-06-27,93,11,31,75,10,10,-6,F Minor,4,5vdp5UmvTsnMEMESIF2Ym7,GBUM71029605
260,"Yellow River","Christie",130,12B,54,2023-07-14,02:45,54,"","Christie",1970-00-00,63,9,0,88,0,10,-11,E Major,4,4VnzKUBMB6cvog8Jvv1few,GBBBN7000002
261,"Crazy","Gnarls Barkley,CeeLo Green,Danger Mouse",112,4B,54,2023-07-14,02:57,82,"","St. Elsewhere",2007-12-01,87,5,2,64,0,0,-6,G#/A♭ Major,4,1vxw6aYJls2oq3gW0DujAo,GBAHT0600202
262,"Holding Out for a Hero - From  Footloose  Soundtrack","Bonnie Tyler",150,8A,69,2023-07-14,05:48,76,"","Secret Dreams and Forbidden Fire",1986-05-05,62,2,0,90,0,0,-15,A Minor,4,5Hyr47BBGpvOfcykSCcaw9,USSM18300449
263,"Stan","Eminem,Dido",80,11A,77,2023-07-14,06:44,82,"rap, hip hop, ","The Marshall Mathers LP",2000-05-23,78,4,0,51,20,50,-4,F#/G♭ Minor,4,3UmaczJpikHgJFyBTAJVoz,USIR10001280
264,"We No Speak Americano (Edit)","Yolanda Be Cool,DCup",125,2B,81,2023-07-14,02:37,64,"","We No Speak Americano",2020-12-04,90,7,8,75,0,0,-5,F#/G♭ Major,4,37dYAkMa4lzRCH6kDbMT1L,AUCN30901654
265,"Que Te Quería","La Quinta Estacion",143,8A,89,2023-07-14,03:49,65,"latin pop","Sin Frenos",2009-00-00,51,3,0,53,0,10,-5,A Minor,4,4wDk9P2WSvHOsRW6SDYE7L,MXF010801020
266,"No Scrubs","TLC",93,1A,68,2023-07-14,03:34,84,"","Fanmail",1999-02-23,74,3,0,59,10,0,-4,G#/A♭ Minor,4,1KGi9sZVMeszgZOWivFpxs,USLF29900479
267,"La Lola","Café Quijano",152,8A,79,2023-07-14,03:17,66,"bolero, rock en español","La Extraordinaria Paradoja Del Sonido Quijano",1999-00-00,73,6,1,87,10,10,-4,A Minor,4,5hyq5k3Do9gW3HGvDg5ZEJ,ES5159931001
268,"I Know You Want Me (Calle Ocho)","Pitbull",127,11B,73,2023-07-14,03:57,79,"","Pitbull Starring In Rebelution",2009-08-31,82,1,0,79,10,10,-6,A Major,4,5RzFJd6W40SDTyZkX6xx45,USJAY0900144
269,"Just Can't Get Enough","Depeche Mode",128,8B,77,2023-07-14,03:40,76,"new wave, synthpop, darkwave","Speak and Spell (Deluxe)",1981-11-02,77,40,6,92,0,10,-9,C Major,4,0qi4b1l0eT3jpzeNHeFXDT,GBAJH0600205
270,"Bad Romance","Lady Gaga",119,8B,92,2023-07-14,04:54,86,"art pop, pop","The Fame Monster (Deluxe Edition)",2009-11-05,70,0,0,71,0,0,-4,C Major,4,0SiywuOBRcynK0uKGWdCnn,USUM70918596
271,"Chandelier","Sia",117,3B,79,2023-07-14,03:36,83,"","1000 Forms Of Fear",2014-07-04,40,2,0,57,0,0,-3,C♯/D♭ Major,5,4VrWlk8IQxevMvERoX08iC,USRC11400498
272,"What You Waiting For?","Gwen Stefani",136,7B,95,2023-07-14,03:41,67,"","Love. Angel. Music. Baby.",2004-11-12,68,5,0,73,0,30,-3,F Major,4,0ny5zITdmyNwyTPVzRGscU,USIR10400692
273,"Cuéntame un cuento","Celtas Cortos",120,10A,91,2023-07-14,04:18,54,"celtic rock, celtic","Cuentame Un Cuento",1991-04-17,44,4,0,75,0,0,-4,B Minor,4,7uou7DWqEQSNfxcfipxyIu,ES5019107008
274,"Da Ya Think I'm Sexy?","Rod Stewart",112,7A,69,2023-07-14,05:31,76,"soft rock","Blondes Have More Fun",1978-11-24,72,1,0,85,0,10,-8,D Minor,4,4z7maGZkAonDlXlwo8q69f,USWB10807926
275,"Una Vaina Loca","Fuego",117,3B,68,2023-07-14,03:08,71,"trap latino, reggaeton","Una Vaina Loca",2011-08-10,79,17,0,71,0,0,-13,C♯/D♭ Major,4,6YYmoV9YbBefsspGmqFHbs,QMFME1322838
276,"Love Me Like You Do - From  Fifty Shades Of Grey ","Ellie Goulding",190,4B,61,2023-07-14,04:12,79,"","Delirium (Deluxe)",2015-11-06,26,25,0,28,0,10,-7,G#/A♭ Major,4,3zHq9ouUJQFQRf3cm1rRLu,GBUM71406823
277,"Where Is The Love?","Black Eyed Peas",94,7B,70,2023-07-14,04:32,84,"","Elephunk",2003-06-24,83,11,0,81,10,10,-3,F Major,4,0xmjwnQ3FNE6HuWCt2nHdZ,USIR10311862
278,"It's Raining Men","The Weather Girls",136,4A,93,2023-07-14,03:31,56,"","The Best of Disco",1996-11-25,68,32,0,61,10,70,-6,F Minor,4,5g6nzsOxwxdoj6sqAl0NXB,USSM19913325
279,"The Rockafeller Skank","Fatboy Slim",153,9B,99,2023-07-14,06:53,0,"big beat","You've Come a Long Way Baby",1998-10-19,67,1,0,7,20,30,-7,G Major,4,6uJrLZzBxS4JewGnihjNzM,GBBMQ9900048
280,"Dynamite","Taio Cruz",120,12B,78,2023-07-14,03:22,76,"","The Rokstarr Hits Collection",2010-01-01,75,0,0,81,0,0,-4,E Major,4,2CEgGE6aESpnmtfiZwYlbV,GBUM71003721
281,"Heaven Is A Place On Earth","Belinda Carlisle",123,12B,90,2023-07-14,04:07,12,"","Heaven on Earth (Remastered & Expanded Special Edition)",1987-10-05,63,1,0,69,0,0,-7,E Major,4,4V9BTST4BSkvOL4xIQNHuS,GBAAA8700010
282,"Hey Boy Hey Girl","The Chemical Brothers",127,10B,92,2023-07-14,04:50,68,"big beat, alternative dance, electronic, breakbeat","Surrender",1999-01-01,63,12,51,36,0,10,-5,D Major,4,7kXmJwrZGIhDaLT9sNo3ut,GBAAA9900303
283,"7 rings","Ariana Grande",140,12A,32,2023-07-14,02:58,86,"pop","thank u, next",2019-02-08,78,59,0,33,30,0,-11,C♯/D♭ Minor,4,6ocbgoVGwYJhOv1GgI9NsF,USUM71900110
284,"Rock Your Baby","George McCrae",104,3B,91,2023-07-14,03:20,64,"disco, classic soul","The Singles 1974 - 76",2010-10-15,59,17,0,89,0,0,-6,C♯/D♭ Major,4,6pMHMzwTsWIxLigr54GGVm,GBAYE7400155
285,"Love Is In The Air","John Paul Young",123,8B,57,2023-07-14,03:28,0,"","Classic Hits",1989-06-05,62,4,0,95,0,0,-14,C Major,4,38GqIQ4RVkat91RnQrLJYP,AUAP07800004
286,"Life","Des'ree",105,3B,74,2023-07-14,03:36,64,"","Supernatural",1998-06-29,72,11,0,72,0,0,-5,C♯/D♭ Major,4,5LGqFIVBf3ZUeFBpc87CFS,GBBBL9802010
287,"Lo siento","Beret",80,10A,41,2023-07-14,03:50,57,"","Lo siento",2018-08-21,42,58,0,31,0,10,-9,B Minor,4,4S6gJt4RYR34t4sjW8wEah,GBLPF0608870
288,"Whistle","Flo Rida",104,8B,94,2023-07-14,03:44,80,"","Wild Ones",2012-06-22,75,2,0,74,0,20,-6,C Major,4,3bC1ahPIYt1btJzSSEyyrF,USAT21201745
289,"Cero","Dani Martín",82,1B,68,2023-07-14,04:27,61,"","Dani Martin",2013-09-17,49,15,0,36,0,20,-4,B Major,4,5vCgDt0CtheaWVKzMW5KkO,ES5021300382
290,"We Don't Talk Anymore (feat. Selena Gomez)","Charlie Puth,Selena Gomez",100,12A,56,2023-07-14,03:37,80,"soft pop, pop, ","Nine Track Mind",2016-01-29,73,62,0,35,10,10,-8,C♯/D♭ Minor,4,06KyNuuMOX1ROXRhj787tj,USAT21502909
291,"Forever Young","Alphaville",137,8A,48,2023-07-14,03:46,84,"synthpop","Forever Young",1984-00-00,49,42,0,33,0,20,-9,A Minor,4,4S1VYqwfkLit9mKVY3MXoo,DEA629260150
292,"The Power","SNAP!",109,8B,88,2023-07-14,03:48,3,"eurodance","World Power",1990-01-01,74,4,1,71,0,30,-8,C Major,4,0nQLxiNGbbUoSGrxksETLm,DET189000100
293,"Locomia","Loco Mía",115,5A,73,2023-07-14,05:45,0,"latin pop","Taiyo",2016-03-11,78,12,71,97,0,0,-13,C Minor,4,7kSclohbIAwXvlN0wU1wks,QMDA71530597
294,"Titanium (feat. Sia)","David Guetta,Sia",126,5A,79,2023-07-14,04:05,85,"edm, ","Nothing but the Beat (Ultimate Edition)",2012-12-07,60,7,15,30,10,10,-4,C Minor,4,0TDLuuLlV54CkRRUOahJb4,GB28K1100036
295,"Jump Around","House Of Pain",107,9A,71,2023-07-14,03:34,67,"","House of Pain (Fine Malt Lyrics)",1992-07-21,85,1,0,82,0,10,-6,E Minor,4,6JymsaWDHk2Yj4e0yNBIFH,USTB10300119
296,"Mayonesa","Chocolate",97,6B,84,2023-07-14,03:51,68,"merengue","2000 Grandes Exitos",2000-02-20,85,9,0,89,0,0,-5,A#/B♭ Major,4,5Qjx4obghhfhsh6DiUwpNM,UYM120000401
297,"No Puedo Vivir Sin Ti","Los Ronaldos",128,8B,80,2023-07-14,04:14,41,"","4 Canciones",2007-03-19,59,41,0,60,0,10,-5,C Major,4,1EC0JRoSi9YL5zExd3Euc3,FR6V80702531
298,"América, América","Nino Bravo",193,11B,72,2023-07-14,03:30,25,"","N1NO",2005-01-01,19,42,0,32,0,20,-8,A Major,4,5X9yP4oSAHO8gdN5Zom5of,ES6009500226
299,"Me Enamora","Juanes",94,9A,84,2023-07-14,03:12,70,"latin pop, colombian pop, rock en español","La Vida Es Un Ratico",2007-01-01,68,2,0,89,0,0,-4,E Minor,4,5BY0p2EH4EznNZ0MFD9mjt,USUM70748139
300,"Stereo Love","Edward Maya,Vika Jigulina",127,11B,78,2023-07-14,04:07,73,"","Stereo Love",2009-07-07,78,3,2,36,0,0,-5,A Major,4,0gBfLS4aqbrr1ZvVv8dqWB,ROCMA0901578
301,"Don't Go Breaking My Heart","Elton John,Kiki Dee",131,7B,84,2023-07-14,04:35,81,"","Rock Of The Westies",1975-10-24,73,15,0,78,0,0,-9,F Major,4,7HW5WIw7ZgZORCzUxv5gW5,GBALX7600007
302,"Umbrella","Rihanna,JAY-Z",174,3B,83,2023-07-14,04:35,85,"hip hop, east coast hip hop, rap","Good Girl Gone Bad: Reloaded",2008-06-02,59,1,0,58,10,0,-5,C♯/D♭ Major,4,49FYlytm3dAAraYgpoJZux,USUM70736771
303,"Losing My Religion","R.E.M.",126,8A,86,2023-07-14,04:28,87,"jangle pop, alternative rock, rock","Out Of Time (25th Anniversary Edition)",1991-03-12,67,18,0,80,0,10,-5,A Minor,4,31AOj9sFz2gM0O3hMARRBx,USC4R1605373
304,"Peter Pan","El Canto Del Loco",92,12B,83,2023-07-14,04:19,60,"","Personas",2008-00-00,57,29,0,48,0,20,-3,E Major,4,1gkBsKxTpVHIn1nLf05CUo,ES5020800149
305,"Feel It Still","Portugal. The Man",79,12A,80,2023-07-14,02:43,83,"","Woodstock",2017-06-16,80,4,0,75,0,0,-5,C♯/D♭ Minor,4,6QgjcU0zLnzq5OrUoSZ3OK,USAT21700437
306,"Escapar (Slipping Away) (feat. Amaral) - 2006 Remastered Version","Moby,Amaral",118,10A,63,2023-07-14,03:42,0,"downtempo, trip hop, coupé décalé","Go - The Very Best Of Moby (Deluxe)",2006-10-24,62,1,0,54,0,0,-7,B Minor,4,41nv6To7wnoVnFJSb1FF36,GBAJH0602221
307,"Believer","Imagine Dragons",125,3A,78,2023-07-14,03:24,88,"","Evolve",2017-06-23,78,6,0,67,10,0,-4,A#/B♭ Minor,4,0pqnGHJpmpxLKifKRmU6WP,USUM71700626
308,"Uptown Funk (feat. Bruno Mars)","Mark Ronson,Bruno Mars",115,8B,61,2023-07-14,04:29,87,"","Uptown Special",2015-01-12,86,1,0,93,0,0,-7,C Major,4,32OlwWuMpZ6b0aN2RZOeMS,GBARL1401524